,CRSHDATE,CRSHTIME,LATDECDG,LONDECDG,ANMLTY01,ANMLTY07,countyname,year,Road
64,2017-01-04,1711,43.627781,-87.7700041,Other Non Domesticated,,Sheboygan,2017,Interstate043
172,2017-01-05,916,43.509651337,-89.57544777,Other Non Domesticated,,Columbia,2017,State Highway033
479,2017-01-13,600,43.736433953,-90.79924497,Other Non Domesticated,,Monroe,2017,State Highway027
563,2017-01-19,1941,45.798653182,-91.85046986,Other Non Domesticated,,Washburn,2017,US Highway053
713,2017-01-10,652,43.618595123,-88.82434082,Other Non Domesticated,,Dodge,2017,LAKE EMILY RD - Dodge
721,2017-01-21,2300,43.527430275,-87.99491082,Other Non Domesticated,,Ozaukee,2017,JAY RD - Ozaukee
867,2017-01-28,1958,44.951752227,-90.98776987,Other Non Domesticated,,Chippewa,2017,State Highway029
1117,2017-01-29,2135,43.399449176,-88.46805843,Other Non Domesticated,,Dodge,2017,ILLINOIS RD - Dodge
1195,2017-02-02,1935,44.951906332,-90.72106306,Other Non Domesticated,,Clark,2017,State Highway029
1461,2017-02-09,1854,42.932383836,-88.22871913,Other Non Domesticated,,Waukesha,2017,State Highway164
1531,2017-02-11,2130,44.046768208,-90.41278643,Other Non Domesticated,,Monroe,2017,State Highway173
1837,2017-02-16,2139,42.947460863,-88.11706204,Other Non Domesticated,,Waukesha,2017,Interstate043
2158,2017-02-25,2336,43.590755096,-89.87653791,Other Non Domesticated,,Sauk,2017,County HighwayP
2186,2017-02-26,2026,45.53137085,-91.90652552,Other Non Domesticated,,Barron,2017,State Highway048
2579,2017-03-04,1752,44.031920441,-90.5124227,Other Non Domesticated,,Monroe,2017,Interstate094
2911,2017-03-17,1814,43.014698532,-89.23591709,Other Non Domesticated,,Dane,2017,Interstate039
3020,2017-03-19,1740,45.400892601,-91.78239316,Other Non Domesticated,,Barron,2017,County HighwayW
3122,2017-03-27,46,43.570503582,-89.20607024,Other Non Domesticated,,Columbia,2017,State Highway033
3128,2017-03-28,332,43.661030589,-88.51386821,Other Non Domesticated,,Fond du Lac,2017,County HighwayF
3223,2017-03-13,814,43.014721877,-88.81555618,Other Non Domesticated,,Jefferson,2017,WINDSOR TER - Jefferson
3673,2017-04-05,2335,44.311306384,-90.80419976,Other Non Domesticated,,Jackson,2017,State Highway054
3680,2017-04-05,1057,44.490295831,-88.09193384,Other Non Domesticated,,Brown,2017,State Highway172
3850,2017-04-13,510,45.871467954,-91.83033388,Other Non Domesticated,,Washburn,2017,US Highway053
4043,2017-04-20,1841,45.721675293,-91.80610206,Other Non Domesticated,,Washburn,2017,State Highway253
4047,2017-04-12,1350,43.039582911,-90.14293366,Other Non Domesticated,,Iowa,2017,State Highway023
4192,2017-04-21,2009,42.940389653,-88.13161768,Other Non Domesticated,,Waukesha,2017,Interstate043
4290,2017-04-14,1232,44.453020036,-87.9801053,Other Non Domesticated,,Brown,2017,State Highway172
4349,2017-04-28,635,43.895244706,-89.48188579,Other Non Domesticated,,Marquette,2017,Interstate039
4366,2017-04-16,1218,43.107244731,-88.47461088,Other Non Domesticated,,Waukesha,2017,State Highway016
4497,2017-04-21,2358,42.678997007,-87.86098533,Other Non Domesticated,,Racine,2017,State Highway031
4850,2017-05-07,1135,43.400256734,-87.92762793,Other Non Domesticated,,Ozaukee,2017,State Highway057
4877,2017-05-09,923,45.083538179,-92.57327555,Other Non Domesticated,,St. Croix,2017,County HighwayA
4890,2017-05-10,955,43.284626675,-90.30119516,Other Non Domesticated,,Richland,2017,County HighwayBA
4891,2017-05-09,723,43.211398013,-88.06363905,Other Non Domesticated,,Washington,2017,WASAUKEE RD - Washington
5284,2017-05-16,2052,44.770940433,-88.50708982,Other Non Domesticated,,Shawano,2017,HILLCREST DR - Shawano
5485,2017-05-17,2226,43.282310809,-89.32470481,Other Non Domesticated,,Columbia,2017,US Highway051
5486,2017-05-12,2145,43.899055655,-91.12852072,Other Non Domesticated,,La Crosse,2017,State Highway016
5493,2017-05-18,1213,44.025790278,-89.6933318,Other Non Domesticated,,Adams,2017,State Highway021
5595,2017-05-24,2230,43.695745389,-88.25236043,Other Non Domesticated,,Fond du Lac,2017,County HighwayB
5803,2017-05-18,157,44.070002011,-91.52020237,Other Non Domesticated,,Trempealeau,2017,State Highway035
5876,2017-05-28,2330,43.034509929,-88.17214112,Other Non Domesticated,,Waukesha,2017,Interstate094
6585,2017-06-05,810,45.179137994,-87.8074721,Other Non Domesticated,,Marinette,2017,County HighwayG
6723,2017-06-06,415,42.962030976,-89.09968604,Other Non Domesticated,,Dane,2017,Interstate039
7020,2017-06-09,855,43.306841434,-89.06900303,Other Non Domesticated,,Columbia,2017,SCHAEFFER RD - Columbia
7105,2017-06-02,1940,43.958099941,-88.12244529,Other Non Domesticated,,Calumet,2017,ORCHARD RD - Calumet
7192,2017-06-14,955,45.007379961,-92.51947035,Other Non Domesticated,,St. Croix,2017,100TH AVE - St. Croix
7429,2017-06-14,2355,44.410044529,-88.83207621,Other Non Domesticated,,Waupaca,2017,State Highway054
7869,2017-06-26,1609,45.16291519,-90.97869002,Other Non Domesticated,,Chippewa,2017,State Highway064
8196,2017-06-26,2223,42.734593897,-88.68433529,Other Non Domesticated,,Walworth,2017,County HighwayA
8460,2017-07-02,145,42.686653129,-89.33975919,Other Non Domesticated,,Rock,2017,County HighwayB
8552,2017-07-06,2051,43.807716212,-88.2813036,Other Non Domesticated,,Fond du Lac,2017,7 HILLS RD - Fond du Lac
8658,2017-07-07,2232,44.207699485,-91.21631022,Other Non Domesticated,,Trempealeau,2017,County HighwayC
8739,2017-07-10,2145,45.149155374,-89.64246247,Other Non Domesticated,,Lincoln,2017,US Highway051
8935,2017-07-15,415,44.357915093,-88.70287105,Other Non Domesticated,,Outagamie,2017,State Highway015
8961,2017-07-02,1130,43.74502023,-89.94098318,Other Non Domesticated,,Juneau,2017,Interstate090
9366,2017-07-27,1530,44.541290761,-91.6587938,Other Non Domesticated,,Buffalo,2017,County HighwayH
9379,2017-07-27,1836,44.645470793,-91.10504387,Other Non Domesticated,,Eau Claire,2017,County HighwayM
9437,2017-07-21,421,45.177847505,-89.63192734,Other Non Domesticated,,Lincoln,2017,State Highway064
9485,2017-07-18,1800,44.69759402,-91.94869782,Other Non Domesticated,,Dunn,2017,State Highway025
9536,2017-07-20,1050,43.209303783,-89.28016683,Other Non Domesticated,,Dane,2017,EGRE RD - Dane
9633,2017-08-01,2358,44.299964379,-90.12243469,Other Non Domesticated,,Wood,2017,State Highway080
9685,2017-08-05,1322,43.096514597,-88.2376704,Other Non Domesticated,,Waukesha,2017,CHESTERWOOD LN - Waukesha
9809,2017-08-03,800,43.961430486,-90.75598764,Other Non Domesticated,,Monroe,2017,County HighwayA
9815,2017-08-05,1316,43.533054143,-89.44235729,Other Non Domesticated,,Columbia,2017,US Highway051
9929,2017-08-15,2244,43.000765472,-90.65558877,Other Non Domesticated,,Grant,2017,US Highway061
10028,2017-08-21,126,44.248003187,-88.46630089,Other Non Domesticated,,Outagamie,2017,Interstate041
10092,2017-08-05,2100,44.459509211,-88.13477854,Other Non Domesticated,,Brown,2017,County HighwayG
10141,2017-08-20,1420,44.942288143,-92.42989616,Other Non Domesticated,,St. Croix,2017,Interstate094
10211,2017-08-25,1803,44.396324116,-88.15464624,Other Non Domesticated,,Brown,2017,Interstate041
10232,2017-08-19,2050,43.06778801,-88.62544328,Other Non Domesticated,,Jefferson,2017,County HighwayB
10330,2017-08-29,2231,44.498452551,-88.74715232,Other Non Domesticated,,Waupaca,2017,US Highway045
10392,2017-08-31,2018,42.969560097,-90.04517065,Other Non Domesticated,,Iowa,2017,County HighwayYZ
10609,2017-09-04,1955,43.355165593,-89.50899708,Other Non Domesticated,,Columbia,2017,County HighwayJ
10636,2017-09-05,430,44.753125917,-92.68139093,Other Non Domesticated,,Pierce,2017,US Highway010
10749,2017-09-06,2122,43.474398139,-87.82999291,Other Non Domesticated,,Ozaukee,2017,Interstate043
11030,2017-09-07,2030,43.926465702,-91.26981853,Other Non Domesticated,,La Crosse,2017,County HighwayZN
11268,2017-09-25,2050,43.687850955,-90.31814959,Other Non Domesticated,,Vernon,2017,LOVERS LN - Vernon
11622,2017-09-27,2226,44.453546301,-90.16459708,Other Non Domesticated,,Wood,2017,State Highway073
11699,2017-10-01,1951,44.635651479,-88.31271872,Other Non Domesticated,,Shawano,2017,State Highway055
11709,2017-10-01,1920,44.329466931,-89.00349626,Other Non Domesticated,,Waupaca,2017,US Highway010
11792,2017-10-04,635,42.987709878,-90.33475806,Other Non Domesticated,,Iowa,2017,State Highway080
12133,2017-10-09,2224,45.054464481,-88.31382056,Other Non Domesticated,,Oconto,2017,County HighwayZ
12400,2017-10-08,622,44.494886679,-91.30019117,Other Non Domesticated,,Trempealeau,2017,County HighwayO
12548,2017-10-14,447,43.88346604,-88.58379997,Other Non Domesticated,,Fond du Lac,2017,Interstate041
12627,2017-10-08,22,42.96751919,-90.09225781,Other Non Domesticated,,Iowa,2017,US Highway018
12922,2017-10-01,211,44.943893046,-92.53066456,Other Non Domesticated,,St. Croix,2017,Interstate094
13066,2017-10-22,1900,44.470730703,-88.59319776,Other Non Domesticated,,Outagamie,2017,State Highway076
13402,2017-10-23,1915,44.766432769,-92.25691814,Other Non Domesticated,,Pierce,2017,County HighwayCC
14676,2017-10-18,1910,43.574078275,-90.61026777,Other Non Domesticated,,Vernon,2017,State Highway082
15404,2017-11-07,538,43.050156748,-88.29565548,Other Non Domesticated,,Waukesha,2017,Interstate094
15582,2017-11-07,1949,43.429726958,-89.07510295,Other Non Domesticated,,Columbia,2017,County HighwayCD
16323,2017-11-11,1515,44.819513104,-87.61987017,Other Non Domesticated,,Door,2017,County HighwayC
16468,2017-11-12,745,44.039308988,-89.91512178,Other Non Domesticated,,Adams,2017,State Highway021
16742,2017-11-14,1730,43.594160653,-89.93170877,Other Non Domesticated,,Sauk,2017,County HighwayH
18225,2017-11-13,1533,43.193414881,-89.26427409,Other Non Domesticated,,Dane,2017,County HighwayC
18342,2017-11-26,1740,44.620506181,-92.3960858,Other Non Domesticated,,Pierce,2017,County HighwayD
18442,2017-11-18,2200,44.444277774,-91.77506828,Other Non Domesticated,,Buffalo,2017,State Highway037
18847,2017-12-03,630,43.5748,-91.0371,Other Non Domesticated,,Vernon,2017,County HighwayO
19136,2017-12-03,845,42.818591688,-89.73467087,Other Non Domesticated,,Green,2017,County HighwayJ
19471,2017-12-12,1030,44.678170264,-91.44774944,Other Non Domesticated,,Eau Claire,2017,State Highway093
19672,2017-12-17,1248,44.297624666,-88.3028485,Other Non Domesticated,,Outagamie,2017,Interstate041
20154,2017-12-20,504,44.150850163,-87.80162146,Other Non Domesticated,,Manitowoc,2017,County HighwayT
20347,2017-12-29,1530,43.221928538,-88.26172449,Other Non Domesticated,,Washington,2017,State Highway164
20553,2017-12-19,2136,42.833757753,-87.91418977,Other Non Domesticated,,Racine,2017,State Highway038
20653,2018-01-01,1115,43.891403633,-87.77146562,Other Non Domesticated,,Sheboygan,2018,Interstate043
20702,2018-01-02,350,43.414096595,-87.89098364,Other Non Domesticated,,Ozaukee,2018,County HighwayB
20785,2018-01-05,1728,42.915461507,-90.80773917,Other Non Domesticated,,Grant,2018,BADGER RD - Grant
21789,2018-01-26,108,43.114698788,-89.28668024,Other Non Domesticated,,Dane,2018,Interstate039
22352,2018-02-09,1957,43.575793933,-90.35889881,Other Non Domesticated,,Vernon,2018,WESTERN RD - Vernon
22674,2018-02-16,1513,43.689735544,-90.09951264,Other Non Domesticated,,Juneau,2018,State Highway058
22783,2018-02-13,1751,44.959201041,-92.24356823,Other Non Domesticated,,St. Croix,2018,US Highway012
22839,2018-02-22,1516,43.733857348,-88.54838779,Other Non Domesticated,,Fond du Lac,2018,US Highway151
22927,2018-02-22,1815,43.434499377,-87.84420813,Other Non Domesticated,,Ozaukee,2018,Interstate043
22959,2018-02-26,15,45.006558558,-92.36784332,Other Non Domesticated,,St. Croix,2018,County HighwayE
23333,2018-03-01,1952,43.692360732,-90.59797417,Other Non Domesticated,,Vernon,2018,State Highway131
23498,2018-03-03,2245,43.586175187,-90.88924158,Other Non Domesticated,,Vernon,2018,US Highway014
24230,2018-03-29,1825,45.144791987,-89.31104377,Other Non Domesticated,,Langlade,2018,State Highway064
24567,2018-04-04,2220,45.429847228,-91.73494281,Other Non Domesticated,,Barron,2018,County HighwaySS
25074,2018-04-21,1340,43.737579328,-88.43779893,Other Non Domesticated,,Fond du Lac,2018,US Highway045
25263,2018-04-24,2012,44.170212943,-87.86197646,Other Non Domesticated,,Manitowoc,2018,County HighwayJ
25329,2018-04-28,1007,42.524755993,-88.04495095,Other Non Domesticated,,Kenosha,2018,US Highway045
25591,2018-04-29,945,46.530129027,-91.14662527,Other Non Domesticated,,Bayfield,2018,US Highway002
25781,2018-05-07,300,43.449408121,-88.35672153,Other Non Domesticated,,Washington,2018,Interstate041
25789,2018-05-06,915,43.235795792,-87.91975377,Other Non Domesticated,,Ozaukee,2018,Interstate043
26289,2018-05-21,445,44.470724828,-88.51431681,Other Non Domesticated,,Outagamie,2018,State Highway054
26327,2018-05-22,710,44.821127912,-87.41195525,Other Non Domesticated,,Door,2018,State Highway042
27071,2018-05-29,2159,43.749405581,-89.48245239,Other Non Domesticated,,Marquette,2018,Interstate039
27346,2018-05-14,545,43.91371386,-90.99907186,Other Non Domesticated,,La Crosse,2018,State Highway016
27598,2018-06-03,906,43.922899073,-89.88683142,Other Non Domesticated,,Adams,2018,County HighwayF
27809,2018-06-03,2001,43.422448265,-90.03590133,Other Non Domesticated,,Sauk,2018,State Highway023
28158,2018-06-13,1007,45.537511883,-90.65089981,Other Non Domesticated,,Price,2018,US Highway008
28213,2018-06-13,636,45.343161266,-92.65033496,Other Non Domesticated,,Polk,2018,State Highway035
28783,2018-06-23,2100,44.797037079,-88.83139795,Other Non Domesticated,,Shawano,2018,State Highway029
28922,2018-06-21,1408,45.205203051,-89.65985301,Other Non Domesticated,,Lincoln,2018,US Highway051
29009,2018-06-27,1328,44.489706712,-88.45217423,Other Non Domesticated,,Outagamie,2018,State Highway047
29222,2018-06-27,1015,44.913252564,-92.63309874,Other Non Domesticated,,St. Croix,2018,County HighwayU
29327,2018-06-30,2130,43.423187137,-89.24451467,Other Non Domesticated,,Columbia,2018,County HighwayC
29896,2018-07-11,1643,45.395511686,-86.87711698,Other Non Domesticated,,Door,2018,County HighwayW
29938,2018-07-11,2045,44.602943219,-88.04938965,Other Non Domesticated,,Brown,2018,E DEERFIELD AVE - Brown
29984,2018-07-16,2,44.125922061,-90.56285978,Other Non Domesticated,,Monroe,2018,US Highway012
29995,2018-07-14,1540,44.856309936,-89.09057691,Other Non Domesticated,,Shawano,2018,SCHOOL HOUSE RD - Shawano
30000,2018-07-14,549,43.421703913,-89.24453283,Other Non Domesticated,,Columbia,2018,County HighwayC
30238,2018-07-07,5,43.934789579,-91.11961563,Other Non Domesticated,,La Crosse,2018,County HighwayM
30311,2018-07-20,2110,44.555909035,-87.66466954,Other Non Domesticated,,Kewaunee,2018,State Highway054
30399,2018-07-25,1456,44.958809173,-90.41733796,Other Non Domesticated,,Clark,2018,WILLOW RD - Clark
30426,2018-07-26,843,45.179732237,-89.64758807,Other Non Domesticated,,Lincoln,2018,US Highway051
30570,2018-07-31,430,43.571698449,-88.01258292,Other Non Domesticated,,Sheboygan,2018,ABBOTT DR - Sheboygan
30668,2018-07-17,115,43.119413197,-88.04070527,Other Non Domesticated,,Milwaukee,2018,W SILVER SPRING DR - Milwaukee
30696,2018-08-01,1116,44.548411195,-89.57128165,Other Non Domesticated,,Portage,2018,Interstate039
30769,2018-08-02,2300,44.311353489,-88.676935,Other Non Domesticated,,Outagamie,2018,County HighwayT
30854,2018-08-11,2215,42.519128074,-89.01884831,Other Non Domesticated,,Rock,2018,ROYCE AVE - Rock
30873,2018-08-12,950,44.937219005,-91.11882481,Other Non Domesticated,,Chippewa,2018,State Highway029
30880,2018-08-12,2205,42.572785492,-88.8442176,Other Non Domesticated,,Rock,2018,Interstate043
31005,2018-08-19,55,43.253951782,-90.62957271,Other Non Domesticated,,Richland,2018,County HighwayF
31020,2018-08-16,2330,43.71624981,-87.94093025,Other Non Domesticated,,Sheboygan,2018,State Highway057
31079,2018-08-03,351,43.942373201,-91.06179429,Other Non Domesticated,,La Crosse,2018,State Highway108
31128,2018-08-22,1945,43.665873955,-87.74010887,Other Non Domesticated,,Sheboygan,2018,County HighwayKK
31135,2018-08-21,203,43.36821285,-88.11192036,Other Non Domesticated,,Washington,2018,County HighwayNN
31194,2018-08-26,2040,45.748636195,-89.32998071,Other Non Domesticated,,Oneida,2018,State Highway017
31299,2018-08-25,1540,44.234944704,-88.36306779,Other Non Domesticated,,Calumet,2018,S LAKE PARK RD (1) - Calumet
31493,2018-09-04,1639,43.821676592,-87.77121906,Other Non Domesticated,,Sheboygan,2018,Interstate043
31522,2018-09-07,415,42.567949005,-88.0690841,Other Non Domesticated,,Kenosha,2018,State Highway050
31555,2018-09-07,2225,45.003410339,-90.26677704,Other Non Domesticated,,Marathon,2018,County HighwayA
31602,2018-09-08,2020,43.251201007,-89.88023313,Other Non Domesticated,,Sauk,2018,County HighwayB
31650,2018-09-08,1100,44.675376675,-87.55140733,Other Non Domesticated,,Door,2018,County HighwayX
31905,2018-09-09,1230,43.583811595,-89.51589203,Other Non Domesticated,,Columbia,2018,State Highway127
32038,2018-09-18,2127,45.042881419,-88.41518426,Other Non Domesticated,,Oconto,2018,State Highway032
32169,2018-09-21,2225,45.058842809,-89.15332922,Other Non Domesticated,,Langlade,2018,US Highway045
32366,2018-09-19,2147,43.913647419,-90.55377641,Other Non Domesticated,,Monroe,2018,INDIGO AVE - Monroe
32884,2018-09-22,1940,42.582083277,-90.07714724,Other Non Domesticated,,Lafayette,2018,State Highway011
33033,2018-10-03,908,44.987376908,-89.42069145,Other Non Domesticated,,Marathon,2018,County HighwayZ
33217,2018-10-05,2048,45.1774604,-89.14550632,Other Non Domesticated,,Langlade,2018,US Highway045
33272,2018-10-10,622,44.886780867,-88.0396838,Other Non Domesticated,,Oconto,2018,State Highway022
33448,2018-10-13,120,42.702878587,-90.52642082,Other Non Domesticated,,Grant,2018,US Highway151
33555,2018-10-09,2122,43.469518947,-88.24193003,Other Non Domesticated,,Washington,2018,KETTLE VIEW DR - Washington
33606,2018-10-14,2034,44.133211715,-87.73147227,Other Non Domesticated,,Manitowoc,2018,County HighwayP
33630,2018-10-15,1830,43.711326926,-87.84591207,Other Non Domesticated,,Sheboygan,2018,State Highway028
34571,2018-10-08,2018,45.617434738,-89.49262349,Other Non Domesticated,,Oneida,2018,US Highway008
34611,2018-10-24,2101,45.103851306,-88.16333711,Other Non Domesticated,,Oconto,2018,GOLDHORN RD - Oconto
34612,2018-10-24,2101,45.10385131,-88.16333726,Other Non Domesticated,,Oconto,2018,GOLDHORN RD - Oconto
34724,2018-10-22,1727,43.205806784,-88.74645111,Other Non Domesticated,,Dodge,2018,MARY KNOLL LN - Dodge
35053,2018-10-26,659,43.866999949,-88.46335776,Other Non Domesticated,,Fond du Lac,2018,US Highway045
35179,2018-10-13,1004,43.149432356,-89.4240921,Other Non Domesticated,,Dane,2018,County HighwayM
36168,2018-11-01,456,43.167275097,-91.12658773,Other Non Domesticated,,Crawford,2018,County HighwayD
36267,2018-11-04,2340,43.947770642,-89.62785371,Other Non Domesticated,,Adams,2018,County HighwayG
36282,2018-11-03,1747,44.078776593,-87.83365957,Other Non Domesticated,,Manitowoc,2018,US Highway151
36304,2018-11-03,626,44.895364778,-88.20982996,Other Non Domesticated,,Oconto,2018,State Highway022
37030,2018-11-09,730,42.659175649,-90.6526236,Other Non Domesticated,,Grant,2018,US Highway061
37045,2018-11-08,1730,43.624433514,-90.87651237,Other Non Domesticated,,Vernon,2018,US Highway014
37245,2018-11-10,2100,44.753093492,-88.46713414,Other Non Domesticated,,Shawano,2018,OAKCREST DR - Shawano
38257,2018-11-07,2040,43.423196789,-88.38272828,Other Non Domesticated,,Washington,2018,State Highway033
39241,2018-11-26,510,44.342161363,-90.44950369,Other Non Domesticated,,Jackson,2018,State Highway054
39428,2018-11-21,2015,42.535724153,-90.38385758,Other Non Domesticated,,Lafayette,2018,County HighwayW
40010,2018-12-04,1910,43.106363984,-90.36849767,Other Non Domesticated,,Iowa,2018,State Highway080
40144,2018-12-06,2202,42.762899195,-88.42950906,Other Non Domesticated,,Walworth,2018,Interstate043
40408,2018-12-08,452,43.199866134,-88.13122438,Other Non Domesticated,,Washington,2018,Interstate041
40459,2018-12-04,509,42.782072305,-88.38956283,Other Non Domesticated,,Walworth,2018,Interstate043
40481,2018-12-16,1822,44.656177184,-90.33695069,Other Non Domesticated,,Clark,2018,County HighwayH
40491,2018-12-16,959,45.764407789,-89.57532204,Other Non Domesticated,,Oneida,2018,State Highway047
40594,2018-12-13,2140,43.388514194,-89.46574273,Other Non Domesticated,,Columbia,2018,Interstate039
40863,2018-12-19,1630,42.771182194,-88.16065273,Other Non Domesticated,,Racine,2018,County HighwayK
41270,2018-12-18,1503,45.329813117,-89.67659519,Other Non Domesticated,,Lincoln,2018,US Highway051
41278,2018-12-25,721,45.149102023,-89.77069878,Other Non Domesticated,,Lincoln,2018,County HighwayZ
41328,2018-12-24,2107,43.086012241,-88.77497954,Other Non Domesticated,,Jefferson,2018,Interstate094
41623,2019-03-30,2345,45.206199466,-90.3544069,Other Non Domesticated,,Taylor,2019,County HighwayM
41672,2019-04-15,2111,44.5822438,-91.02515837,Other Non Domesticated,,Jackson,2019,US Highway010
41718,2019-02-21,2053,43.916236398,-90.94641304,Other Non Domesticated,,La Crosse,2019,State Highway016
41935,2019-06-20,1747,43.899052052,-91.07482963,Other Non Domesticated,,La Crosse,2019,County HighwayC
42037,2019-08-02,2115,42.980130712,-89.07192717,Other Non Domesticated,,Dane,2019,State Highway073
42378,2019-10-13,1935,43.20123685,-89.26383102,Other Non Domesticated,,Dane,2019,County HighwayC
42402,2019-10-16,1605,46.032207672,-91.8402115,Other Non Domesticated,,Washburn,2019,US Highway053
42650,2019-12-11,1924,44.581774444,-88.76082116,Other Non Domesticated,,Waupaca,2019,US Highway045
42777,2019-01-08,709,45.80542645,-89.31969602,Other Non Domesticated,,Oneida,2019,State Highway017
42780,2019-01-05,726,45.728836104,-89.3397948,Other Non Domesticated,,Oneida,2019,State Highway017
42824,2019-04-02,1020,42.518354847,-88.97561887,Other Non Domesticated,,Rock,2019,Interstate039
42962,2019-05-22,2145,45.815339514,-92.03274136,Other Non Domesticated,,Burnett,2019,State Highway070
43002,2019-05-30,1800,43.221097009,-88.45832524,Other Non Domesticated,,Dodge,2019,County HighwayP
43023,2019-05-10,2141,42.667240405,-90.41266587,Other Non Domesticated,,Lafayette,2019,State Highway081
43177,2019-07-13,2337,42.981913058,-89.07191781,Other Non Domesticated,,Dane,2019,State Highway073
43203,2019-08-07,1336,44.804087342,-88.89352596,Other Non Domesticated,,Shawano,2019,State Highway029
43209,2019-08-03,1636,42.704916092,-89.48073229,Other Non Domesticated,,Green,2019,County HighwayF
43356,2019-07-09,235,43.972974626,-88.11243455,Other Non Domesticated,,Calumet,2019,State Highway032
43453,2019-10-16,602,43.105640616,-89.64844663,Other Non Domesticated,,Dane,2019,County HighwayP
43637,2019-11-27,1920,43.976357759,-91.15803069,Other Non Domesticated,,La Crosse,2019,County HighwayM
43680,2019-11-12,740,43.877876819,-90.7314618,Other Non Domesticated,,Monroe,2019,State Highway071
43751,2019-12-10,2036,43.082483768,-89.079524,Other Non Domesticated,,Dane,2019,County HighwayBB
43780,2019-10-31,956,45.485583449,-89.69478216,Other Non Domesticated,,Lincoln,2019,US Highway051
43887,2019-01-02,1828,45.549599999,-89.87246,Other Non Domesticated,,Lincoln,2019,US Highway008
44787,2019-11-15,1900,44.783952465,-88.6574034,Other Non Domesticated,,Shawano,2019,State Highway029
45071,2019-04-03,620,43.804735379,-87.86343511,Other Non Domesticated,,Sheboygan,2019,PLAYBIRD RD - Sheboygan
45156,2019-04-22,1622,43.027729061,-87.99369005,Other Non Domesticated,,Milwaukee,2019,S 65TH ST - Milwaukee
45177,2019-05-15,1025,46.360064983,-91.7671001,Other Non Domesticated,,Douglas,2019,County HighwayA
45289,2019-04-14,500,42.564290166,-89.93154784,Other Non Domesticated,,Lafayette,2019,State Highway011
45455,2019-05-12,2345,44.886690728,-89.45768088,Other Non Domesticated,,Marathon,2019,State Highway029
45557,2019-08-18,1235,45.165240722,-89.83759717,Other Non Domesticated,,Lincoln,2019,State Highway064
45626,2019-10-16,2006,44.018804655,-88.52747416,Other Non Domesticated,,Winnebago,2019,BOWEN ST - Winnebago
45869,2019-09-03,9999,43.209996342,-90.35985409,Other Non Domesticated,,Richland,2019,State Highway060
46298,2019-03-19,1551,43.975034583,-89.15616055,Other Non Domesticated,,Green Lake,2019,County HighwayE
46519,2019-06-07,502,44.283738136,-91.03109711,Other Non Domesticated,,Jackson,2019,County HighwayX
46639,2019-05-19,2027,44.936861357,-91.19307034,Other Non Domesticated,,Chippewa,2019,State Highway029
46645,2019-07-10,2305,43.699090836,-88.52282882,Other Non Domesticated,,Fond du Lac,2019,County HighwayD
46687,2019-08-09,1723,43.096500145,-88.28048272,Other Non Domesticated,,Waukesha,2019,State Highway016
47326,2019-03-23,1703,43.4233971,-88.33596836,Other Non Domesticated,,Washington,2019,Interstate041
47603,2019-05-08,1835,43.392127691,-88.19170569,Other Non Domesticated,,Washington,2019,US Highway045
47754,2019-05-26,2214,42.667852179,-90.32600053,Other Non Domesticated,,Lafayette,2019,State Highway081
47778,2019-07-01,607,43.833754871,-87.93498893,Other Non Domesticated,,Sheboygan,2019,County HighwayA
47826,2019-06-25,11,44.508284687,-87.70426563,Other Non Domesticated,,Kewaunee,2019,County HighwayAB
47873,2019-07-19,1652,43.05650898,-89.38239535,Other Non Domesticated,,Dane,2019,JOHN NOLEN DR - Dane
47893,2019-07-29,1953,43.723180767,-87.75615832,Other Non Domesticated,,Sheboygan,2019,TAYLOR DR - Sheboygan
47912,2019-08-11,315,43.695019124,-87.76010889,Other Non Domesticated,,Sheboygan,2019,Interstate043
47934,2019-07-17,146,45.111692163,-88.18214157,Other Non Domesticated,,Oconto,2019,State Highway064
48325,2019-10-23,640,43.888458125,-90.97195986,Other Non Domesticated,,La Crosse,2019,Interstate090
48388,2019-12-16,1141,42.908920778,-88.26293417,Other Non Domesticated,,Waukesha,2019,HI LO DR - Waukesha
48471,2019-12-30,1028,43.262659217,-87.92003307,Other Non Domesticated,,Ozaukee,2019,Interstate043
48520,2019-12-28,2121,43.19450932,-89.29336306,Other Non Domesticated,,Dane,2019,State Highway019
48770,2019-05-16,820,46.634242716,-91.72126671,Other Non Domesticated,,Douglas,2019,County HighwayF
48851,2019-05-14,1655,43.109857825,-89.05295717,Other Non Domesticated,,Dane,2019,Interstate094
48960,2019-06-27,1549,42.626123025,-88.41373721,Other Non Domesticated,,Walworth,2019,State Highway120
48994,2019-05-28,705,45.9775455,-89.85651214,Other Non Domesticated,,Vilas,2019,State Highway047
49317,2019-11-20,620,45.23565869,-89.70015742,Other Non Domesticated,,Lincoln,2019,NORTH STAR RD - Lincoln
49387,2019-10-17,500,42.87107458,-89.51005787,Other Non Domesticated,,Dane,2019,County HighwayD
49605,2019-11-10,1830,44.258258926,-91.37427,Other Non Domesticated,,Trempealeau,2019,State Highway095
49662,2019-12-23,2110,42.850575811,-89.33598828,Other Non Domesticated,,Dane,2019,US Highway014
49693,2019-12-19,1801,43.266732083,-89.06847421,Other Non Domesticated,,Dane,2019,State Highway073
49973,2019-05-10,1838,43.19712126,-88.69088377,Other Non Domesticated,,Jefferson,2019,County HighwayCW
50191,2019-05-02,2140,44.719027078,-91.35931053,Other Non Domesticated,,Eau Claire,2019,US Highway053
50258,2019-06-06,445,44.078000352,-91.28981477,Other Non Domesticated,,Trempealeau,2019,State Highway054
50278,2019-08-01,2138,44.253512765,-89.63957311,Other Non Domesticated,,Portage,2019,County HighwayD
50374,2019-08-24,1654,42.704502126,-89.01274222,Other Non Domesticated,,Rock,2019,BLACK BRIDGE RD - Rock
50430,2019-09-26,915,42.908231532,-89.70342234,Other Non Domesticated,,Dane,2019,County HighwayG
50603,2019-11-15,1718,43.720410137,-88.80105584,Other Non Domesticated,,Fond du Lac,2019,LINER RD - Fond du Lac
50885,2019-12-23,510,43.982804518,-91.28633613,Other Non Domesticated,,La Crosse,2019,US Highway053
51010,2019-01-04,625,44.545276819,-87.72629554,Other Non Domesticated,,Kewaunee,2019,State Highway054
51185,2019-03-22,545,43.001736062,-89.70899627,Other Non Domesticated,,Dane,2019,US Highway018
51626,2019-10-16,1945,44.98722389,-90.13922416,Other Non Domesticated,,Marathon,2019,TOWN HALL RD - Marathon
51787,2019-10-22,622,44.401527873,-89.21936182,Other Non Domesticated,,Waupaca,2019,US Highway010
52294,2019-04-30,1938,44.225694243,-88.00933324,Other Non Domesticated,,Manitowoc,2019,County HighwayK
52556,2019-06-22,2217,44.944701086,-90.67001181,Other Non Domesticated,,Clark,2019,State Highway029
52596,2019-07-06,1646,44.185564784,-87.68106405,Other Non Domesticated,,Manitowoc,2019,County HighwayQ
52626,2019-07-10,1305,42.53819569,-89.00188762,Other Non Domesticated,,Rock,2019,CRISWELL BLVD - Rock
52663,2019-07-26,2220,42.95067292,-89.72383881,Other Non Domesticated,,Dane,2019,County HighwayJG
52697,2019-07-24,1721,42.581523332,-88.25872577,Other Non Domesticated,,Kenosha,2019,State Highway050
52787,2019-08-13,2120,45.912365366,-91.37384709,Other Non Domesticated,,Sawyer,2019,County HighwayE
52849,2019-10-07,2057,42.725737619,-88.26360347,Other Non Domesticated,,Racine,2019,County HighwayFF
53224,2019-10-26,559,44.279582339,-90.80629215,Other Non Domesticated,,Jackson,2019,Interstate094
53277,2019-12-26,1834,43.07639041,-91.08056954,Other Non Domesticated,,Crawford,2019,State Highway027
53283,2019-10-21,1709,44.43194974,-88.10974798,Other Non Domesticated,,Brown,2019,Interstate041
53414,2019-03-17,1446,45.000021576,-92.25752951,Other Non Domesticated,,St. Croix,2019,County HighwayD
53434,2019-01-04,2057,46.586080014,-91.89428523,Other Non Domesticated,,Douglas,2019,US Highway053
53482,2019-03-22,2340,42.542585037,-88.20738219,Other Non Domesticated,,Kenosha,2019,County HighwayJI
53781,2019-07-04,115,43.188604527,-89.49787179,Other Non Domesticated,,Dane,2019,State Highway019
53836,2019-05-14,1355,44.632165243,-91.98465364,Other Non Domesticated,,Pepin,2019,US Highway010
53900,2019-08-02,311,45.081167655,-91.50179623,Other Non Domesticated,,Chippewa,2019,County HighwayF
54070,2019-10-04,2217,43.58718252,-88.44827305,Other Non Domesticated,,Dodge,2019,State Highway067
54688,2019-03-02,2028,43.624189708,-89.29860203,Other Non Domesticated,,Columbia,2019,State Highway022
54734,2019-04-16,1248,44.743688129,-88.79990841,Other Non Domesticated,,Shawano,2019,County HighwayM
54905,2019-06-15,2225,44.240715985,-87.98739851,Other Non Domesticated,,Manitowoc,2019,MANCAL RD - Manitowoc
55181,2019-08-28,531,43.042867013,-87.97346403,Other Non Domesticated,,Milwaukee,2019,State Highway175
55246,2019-09-23,1921,44.443737105,-87.78050895,Other Non Domesticated,,Brown,2019,State Highway029
55431,2019-10-29,211,44.847709084,-92.398675,Other Non Domesticated,,Pierce,2019,State Highway029
55450,2019-10-31,2125,43.991237873,-90.84757816,Other Non Domesticated,,Monroe,2019,State Highway027
55989,2019-03-15,1952,42.604209159,-88.54975886,Other Non Domesticated,,Walworth,2019,State Highway050
56050,2019-05-04,255,43.549956442,-89.67857767,Other Non Domesticated,,Sauk,2019,Interstate090
56374,2019-08-15,638,42.672776472,-88.97960256,Other Non Domesticated,,Rock,2019,MIDLAND RD - Rock
57159,2019-03-28,2340,44.834904832,-89.2542125,Other Non Domesticated,,Marathon,2019,State Highway029
57313,2019-07-15,607,43.719751627,-88.60763349,Other Non Domesticated,,Fond du Lac,2019,County HighwayTC
57411,2019-06-28,2005,43.833154039,-91.11096121,Other Non Domesticated,,La Crosse,2019,County HighwayOA
57415,2019-07-06,1454,46.647640666,-91.93063019,Other Non Domesticated,,Douglas,2019,State Highway013
58305,2019-04-15,2111,44.582107173,-91.02679172,Other Non Domesticated,,Jackson,2019,US Highway010
58416,2019-06-22,2145,42.843515912,-88.02738401,Other Non Domesticated,,Racine,2019,W SOUTH COUNTY LINE RD (1) - Racine
58678,2019-08-25,1118,43.033720143,-89.29938047,Other Non Domesticated,,Dane,2019,US Highway051
59193,2019-12-04,2008,42.944935088,-87.98107758,Other Non Domesticated,,Milwaukee,2019,W GRANGE AVE - Milwaukee
59245,2019-12-20,625,44.186087577,-88.06423241,Other Non Domesticated,,Calumet,2019,County HighwayPP
59587,2019-06-12,2345,45.347189793,-88.99625168,Other Non Domesticated,,Langlade,2019,County HighwayA
59949,2019-08-31,545,46.601728547,-90.96233378,Other Non Domesticated,,Bayfield,2019,EAST ONDOSSAGON RD - Bayfield
59956,2019-08-27,812,46.565431675,-91.42272974,Other Non Domesticated,,Bayfield,2019,US Highway002
59999,2019-09-20,2140,43.439999143,-88.82616349,Other Non Domesticated,,Dodge,2019,US Highway151
60483,2019-11-17,30,43.111319155,-89.52112604,Other Non Domesticated,,Dane,2019,AIRPORT RD - Dane
60798,2020-04-20,2258,42.614470829,-88.76570731,Other Non Domesticated,,Walworth,2020,CREEK RD - Walworth
60814,2020-04-08,1752,44.373088824,-89.77054753,Other Non Domesticated,,Wood,2020,County HighwayW
60941,2020-06-12,543,43.465176116,-88.5462445,Other Non Domesticated,,Dodge,2020,State Highway067
61024,2020-07-25,2207,44.403997617,-87.78544753,Other Non Domesticated,,Brown,2020,County HighwayP
61168,2020-10-23,730,44.633635829,-90.37663716,Other Non Domesticated,,Clark,2020,DIVISION AVE - Clark
61223,2020-11-07,133,44.648895315,-88.91553633,Other Non Domesticated,,Waupaca,2020,County HighwayG
61259,2020-11-02,524,44.111880951,-89.96235498,Other Non Domesticated,,Adams,2020,BLACKHAWK AVE - Adams
61311,2020-11-19,2031,45.899773299,-91.95121341,Other Non Domesticated,,Washburn,2020,County HighwayE
61320,2020-11-22,1800,44.826549341,-91.20674117,Other Non Domesticated,,Eau Claire,2020,County HighwayXX
61405,2020-11-13,555,43.319313286,-88.84317325,Other Non Domesticated,,Dodge,2020,County HighwayJ
61426,2020-11-16,2017,44.954624502,-92.71824479,Other Non Domesticated,,St. Croix,2020,HANLEY RD - St. Croix
61527,2020-12-27,2129,43.557680726,-87.86420559,Other Non Domesticated,,Sheboygan,2020,County HighwayRR
61549,2020-04-03,554,45.047320714,-89.65255348,Other Non Domesticated,,Marathon,2020,US Highway051
61684,2020-01-02,1659,43.060399732,-90.5021975,Other Non Domesticated,,Grant,2020,County HighwayG
62149,2020-07-17,851,42.969402668,-89.51368712,Other Non Domesticated,,Dane,2020,County HighwayPB
62177,2020-08-09,223,45.610425643,-89.5476871,Other Non Domesticated,,Oneida,2020,US Highway008
62253,2020-09-03,2245,43.249567422,-88.51790119,Other Non Domesticated,,Dodge,2020,State Highway067
62389,2020-10-18,2331,42.972895753,-89.36702257,Other Non Domesticated,,Dane,2020,County HighwayB
62556,2020-12-18,1832,43.936574481,-91.24756769,Other Non Domesticated,,La Crosse,2020,US Highway053
62938,2020-04-10,751,43.108177494,-88.32143935,Other Non Domesticated,,Waukesha,2020,State Highway016
62966,2020-02-23,2312,43.110840637,-88.97137797,Other Non Domesticated,,Jefferson,2020,Interstate094
63303,2020-08-21,1709,44.730910039,-88.44595971,Other Non Domesticated,,Shawano,2020,EXPRESS WAY - Shawano
63373,2020-09-26,1135,43.299111554,-88.23544881,Other Non Domesticated,,Washington,2020,FOND DU LAC DR - Washington
63786,2020-04-18,604,44.455884488,-91.76996689,Other Non Domesticated,,Buffalo,2020,State Highway037
64213,2020-06-06,1038,44.187119638,-88.73919113,Other Non Domesticated,,Winnebago,2020,County HighwayMM
64240,2020-06-16,1747,42.712126283,-87.84520862,Other Non Domesticated,,Racine,2020,16TH ST - Racine
64320,2020-07-22,2135,42.986832513,-89.56526759,Other Non Domesticated,,Dane,2020,US Highway018
64415,2020-10-24,821,44.487220451,-88.28469963,Other Non Domesticated,,Outagamie,2020,CULBERTSON RD - Outagamie
64713,2020-12-10,455,42.740035245,-90.39140987,Other Non Domesticated,,Lafayette,2020,US Highway151
64835,2020-12-17,2140,44.675372281,-88.44377771,Other Non Domesticated,,Shawano,2020,State Highway047
64945,2020-02-16,1945,43.010375279,-90.36025105,Other Non Domesticated,,Iowa,2020,HARMS RD - Iowa
65084,2020-05-16,1930,43.847636702,-87.97443043,Other Non Domesticated,,Sheboygan,2020,County HighwayFF
65370,2020-07-18,1810,43.346538323,-90.09983899,Other Non Domesticated,,Sauk,2020,County HighwayGG
65520,2020-10-30,1933,44.504564674,-88.19032992,Other Non Domesticated,,Brown,2020,County HighwayU
65682,2020-11-26,2100,44.814510584,-91.61046316,Other Non Domesticated,,Eau Claire,2020,County HighwayE
66060,2020-01-05,1618,45.631224113,-87.99286943,Other Non Domesticated,,Marinette,2020,US Highway008
66300,2020-05-22,1715,42.728597721,-89.85818998,Other Non Domesticated,,Lafayette,2020,State Highway078
66303,2020-06-03,2135,42.859045025,-88.31036636,Other Non Domesticated,,Waukesha,2020,Interstate043
66504,2020-08-23,800,44.320618236,-88.95117581,Other Non Domesticated,,Waupaca,2020,US Highway010
67196,2020-02-28,1700,42.755126997,-87.79925151,Other Non Domesticated,,Racine,2020,State Highway032
67432,2020-07-25,529,42.496566772,-89.07108307,Other Non Domesticated,,Rock,2020,FREDERICK ST - Rock
67448,2020-07-16,1630,44.822789169,-89.14282292,Other Non Domesticated,,Shawano,2020,US Highway045
67455,2020-07-12,2247,44.747763727,-91.39636809,Other Non Domesticated,,Eau Claire,2020,US Highway053
67495,2020-06-27,721,42.575697468,-89.37123804,Other Non Domesticated,,Green,2020,State Highway081
67897,2020-10-27,840,44.40616363,-91.44316918,Other Non Domesticated,,Trempealeau,2020,State Highway121
68033,2020-11-27,1730,44.457423834,-88.29119613,Other Non Domesticated,,Outagamie,2020,State Highway055
68360,2020-01-31,33,42.786531476,-89.62798795,Other Non Domesticated,,Green,2020,State Highway069
68444,2020-05-10,1128,44.23370154,-88.41241842,Other Non Domesticated,,Winnebago,2020,US Highway010
68618,2020-08-21,453,44.747918331,-91.3825843,Other Non Domesticated,,Eau Claire,2020,Interstate094
68621,2020-08-24,2214,44.153522799,-87.69723514,Other Non Domesticated,,Manitowoc,2020,State Highway310
68864,2020-11-15,1530,42.914605924,-89.45879855,Other Non Domesticated,,Dane,2020,County HighwayD
69214,2020-04-03,923,43.260178019,-89.38253436,Other Non Domesticated,,Dane,2020,County HighwayI
69242,2020-01-30,1900,44.244014091,-90.73260367,Other Non Domesticated,,Jackson,2020,REST AREA #54 - Jackson
69568,2020-08-17,2235,42.642924608,-88.66487331,Other Non Domesticated,,Walworth,2020,County HighwayM
69753,2020-09-12,2050,44.023575746,-91.06460039,Other Non Domesticated,,La Crosse,2020,County HighwayT
70011,2020-12-08,1645,43.762282412,-90.07918022,Other Non Domesticated,,Juneau,2020,State Highway058
70021,2020-04-19,755,44.434095007,-92.02517946,Other Non Domesticated,,Buffalo,2020,State Highway035
70197,2020-11-06,1814,44.140775213,-90.54277266,Other Non Domesticated,,Monroe,2020,Interstate094
70462,2020-06-07,1528,44.030254979,-88.57668758,Other Non Domesticated,,Winnebago,2020,SAWTELL CT - Winnebago
70619,2020-06-28,2135,44.870410396,-89.18509176,Other Non Domesticated,,Shawano,2020,US Highway045
70620,2020-07-26,140,42.658813956,-88.53655232,Other Non Domesticated,,Walworth,2020,Interstate043
70890,2020-10-06,745,45.711987884,-90.42215117,Other Non Domesticated,,Price,2020,State Highway013
71000,2020-10-23,614,44.265752909,-88.80180299,Other Non Domesticated,,Waupaca,2020,State Highway096
71344,2020-02-12,1605,43.225059766,-87.92129755,Other Non Domesticated,,Ozaukee,2020,Interstate043
71405,2020-04-21,2331,44.411746655,-87.74515747,Other Non Domesticated,,Kewaunee,2020,County HighwayV
71723,2020-08-14,1844,45.724491907,-89.72132566,Other Non Domesticated,,Oneida,2020,US Highway051
71974,2020-10-03,2200,44.933689224,-92.23288089,Other Non Domesticated,,St. Croix,2020,Interstate094
72172,2020-06-28,412,44.297992155,-88.45797939,Other Non Domesticated,,Outagamie,2020,Interstate041
72227,2020-11-21,1400,43.290755842,-90.32132305,Other Non Domesticated,,Richland,2020,US Highway014
72421,2020-02-20,1751,44.772728702,-87.47887147,Other Non Domesticated,,Door,2020,State Highway042
72558,2020-04-18,1725,43.387438167,-87.93672398,Other Non Domesticated,,Ozaukee,2020,County HighwayW
72633,2020-05-01,930,43.750635149,-87.83482185,Other Non Domesticated,,Sheboygan,2020,State Highway023
72812,2020-09-17,1845,44.055089231,-89.19752777,Other Non Domesticated,,Waushara,2020,State Highway021
73233,2020-08-12,2123,45.658004046,-88.47865831,Other Non Domesticated,,Forest,2020,US Highway008
73242,2020-05-16,2110,43.257895685,-88.18153736,Other Non Domesticated,,Washington,2020,Interstate041
73978,2020-09-28,1725,45.233417808,-89.67286132,Other Non Domesticated,,Lincoln,2020,US Highway051
73982,2020-10-06,745,45.712036076,-90.42211396,Other Non Domesticated,,Price,2020,State Highway013
75279,2020-11-25,2223,43.330433047,-88.39547112,Other Non Domesticated,,Washington,2020,W STATE ST - Washington
75299,2020-03-19,1016,44.556252424,-88.0595296,Other Non Domesticated,,Brown,2020,Interstate041
75471,2020-11-20,450,44.286688138,-90.81209863,Other Non Domesticated,,Jackson,2020,Interstate094
75660,2020-02-06,1900,44.678857449,-88.31110498,Other Non Domesticated,,Shawano,2020,State Highway029
75799,2020-06-22,1710,43.451113894,-88.62209207,Other Non Domesticated,,Dodge,2020,State Highway033
76181,2020-09-16,1019,43.18832621,-89.55669834,Other Non Domesticated,,Dane,2020,US Highway012
76386,2020-12-04,2159,43.165535117,-91.00133727,Other Non Domesticated,,Crawford,2020,SHANGHAI RIDGE RD - Crawford
76391,2020-10-30,500,44.24433675,-88.46690257,Other Non Domesticated,,Outagamie,2020,Interstate041
76736,2020-02-29,1839,42.550677988,-88.34303909,Other Non Domesticated,,Walworth,2020,US Highway012
76875,2020-06-14,445,43.225341237,-87.92126001,Other Non Domesticated,,Ozaukee,2020,Interstate043
76895,2020-06-18,2355,44.3877206,-88.47054148,Other Non Domesticated,,Outagamie,2020,County HighwayS
76955,2020-05-17,919,42.821877149,-87.83739015,Other Non Domesticated,,Racine,2020,State Highway032
77350,2020-12-14,2038,43.43793467,-88.20127901,Other Non Domesticated,,Washington,2020,18TH AVE - Washington
77589,2020-11-23,851,44.429070046,-87.53911909,Other Non Domesticated,,Kewaunee,2020,State Highway042
77617,2020-11-12,503,44.675810156,-91.09917282,Other Non Domesticated,,Eau Claire,2020,US Highway012
77676,2020-11-08,1419,45.880660533,-88.12587439,Other Non Domesticated,,Florence,2020,US Highway002
78305,2021-07-14,638,46.617086546,-92.2029819,Other Non Domesticated,,Douglas,2021,County HighwayW
78429,2021-08-29,2250,42.667337529,-90.3977277,Other Non Domesticated,,Lafayette,2021,State Highway081
78571,2021-11-12,2105,44.058606118,-90.86199197,Other Non Domesticated,,Monroe,2021,State Highway027
78761,2021-04-01,2123,43.76166309,-87.83906904,Other Non Domesticated,,Sheboygan,2021,County HighwayO
78819,2021-07-06,1435,43.970162904,-91.29524579,Other Non Domesticated,,La Crosse,2021,County HighwayMH
78882,2021-07-11,1425,45.111284991,-89.01273343,Other Non Domesticated,,Langlade,2021,County HighwayS
78946,2021-07-13,1100,42.995654426,-87.97080409,Other Non Domesticated,,Milwaukee,2021,W CLEVELAND AVE - Milwaukee
79364,2021-07-19,2200,43.633215647,-88.70146415,Other Non Domesticated,,Dodge,2021,State Highway049
79382,2021-07-08,7,45.191120802,-90.90514271,Other Non Domesticated,,Taylor,2021,County HighwayH
79458,2021-08-16,2124,46.406325108,-90.90780952,Other Non Domesticated,,Ashland,2021,WILDCAT RD - Ashland
79492,2021-09-13,1734,42.531700364,-88.50179912,Other Non Domesticated,,Walworth,2021,MAPLE RIDGE RD - Walworth
79675,2021-11-14,350,43.561025616,-90.40353569,Other Non Domesticated,,Vernon,2021,KOLASH RD - Vernon
79712,2021-06-26,1310,43.085935119,-88.79068141,Other Non Domesticated,,Jefferson,2021,Interstate094
79812,2021-03-01,2000,42.585012938,-88.15879377,Other Non Domesticated,,Kenosha,2021,County HighwayB
80461,2021-08-21,2242,44.721833922,-89.78746285,Other Non Domesticated,,Marathon,2021,County HighwayO
80818,2021-01-05,525,44.8879373,-88.62191869,Other Non Domesticated,,Menominee,2021,County HighwayVV
81134,2021-10-18,101,42.516680532,-88.45562547,Other Non Domesticated,,Walworth,2021,County HighwayB
81346,2021-10-17,1625,44.082181759,-88.56087966,Other Non Domesticated,,Winnebago,2021,Interstate041
81392,2021-03-18,1102,44.60530691,-88.10158067,Other Non Domesticated,,Brown,2021,WHITE PINE RD - Brown
81549,2021-03-13,2148,43.317804853,-89.32534736,Other Non Domesticated,,Columbia,2021,US Highway051
81796,2021-11-17,2231,44.444336822,-89.00465784,Other Non Domesticated,,Waupaca,2021,County HighwayK
81939,2021-04-29,443,43.300885586,-89.85046721,Other Non Domesticated,,Sauk,2021,County HighwayPF
82038,2021-04-29,1525,43.059244366,-88.25132187,Other Non Domesticated,,Waukesha,2021,State Highway016
82056,2021-08-18,540,44.211606462,-90.51898385,Other Non Domesticated,,Jackson,2021,County HighwayO
82344,2021-12-20,1720,43.740255167,-90.7458737,Other Non Domesticated,,Monroe,2021,State Highway033
82484,2021-05-23,106,42.737644404,-90.19536665,Other Non Domesticated,,Lafayette,2021,County HighwayG
82913,2021-06-15,1230,43.109783552,-89.05538643,Other Non Domesticated,,Dane,2021,Interstate094
83088,2021-01-17,1503,44.296713408,-88.52884179,Other Non Domesticated,,Outagamie,2021,State Highway015
83208,2021-10-19,1218,43.433440514,-88.14111716,Other Non Domesticated,,Washington,2021,TRENTON RD - Washington
83283,2021-11-24,240,42.922950196,-90.66632002,Other Non Domesticated,,Grant,2021,US Highway061
83460,2021-04-15,2035,42.973727522,-88.01989593,Other Non Domesticated,,Milwaukee,2021,W HOWARD AVE - Milwaukee
83498,2021-05-21,1800,43.770668567,-90.00254532,Other Non Domesticated,,Juneau,2021,Interstate090
83637,2021-03-08,2230,43.626825126,-87.82982406,Other Non Domesticated,,Sheboygan,2021,State Highway032
83646,2021-09-22,549,42.940643517,-87.98845771,Other Non Domesticated,,Milwaukee,2021,State Highway036
83787,2021-12-03,23,42.635299176,-89.02999058,Other Non Domesticated,,Rock,2021,State Highway011
83859,2021-12-24,6,44.848504986,-89.02688215,Other Non Domesticated,,Shawano,2021,RIVER RD - Shawano
83886,2021-12-19,1900,43.072805752,-88.86100356,Other Non Domesticated,,Jefferson,2021,County HighwayB
84258,2021-11-22,723,44.402416683,-88.91079444,Other Non Domesticated,,Waupaca,2021,State Highway054
84447,2021-01-03,324,42.711190668,-90.40606106,Other Non Domesticated,,Lafayette,2021,COLLEGE FARM RD - Lafayette
84540,2021-07-15,914,42.614158337,-89.20641039,Other Non Domesticated,,Rock,2021,STUART RD - Rock
84610,2021-09-17,1330,44.882746843,-90.9426152,Other Non Domesticated,,Chippewa,2021,County HighwayH
84909,2021-12-31,235,44.453358766,-90.30804111,Other Non Domesticated,,Wood,2021,State Highway073
84934,2021-11-08,1857,42.786488563,-88.07116319,Other Non Domesticated,,Racine,2021,US Highway045
85086,2021-07-11,56,43.732838465,-88.55833823,Other Non Domesticated,,Fond du Lac,2021,County HighwayY
85100,2021-08-15,800,43.019498926,-87.93947619,Other Non Domesticated,,Milwaukee,2021,S 21ST ST - Milwaukee
85114,2021-08-03,1430,44.740476738,-90.65912657,Other Non Domesticated,,Clark,2021,County HighwayO
85301,2021-07-15,1215,43.838591229,-87.77130597,Other Non Domesticated,,Sheboygan,2021,Interstate043
85315,2021-12-03,1848,44.471594617,-87.78562292,Other Non Domesticated,,Brown,2021,County HighwayP
85526,2021-04-29,520,45.121294513,-90.31839045,Other Non Domesticated,,Taylor,2021,County HighwayO
85729,2021-07-17,1814,44.42291665,-89.90803222,Other Non Domesticated,,Wood,2021,State Highway073
85961,2021-12-25,1946,42.725077781,-87.85561758,Other Non Domesticated,,Racine,2021,EMMERTSEN RD - Racine
86240,2021-09-25,313,42.697546779,-88.49603866,Other Non Domesticated,,Walworth,2021,Interstate043
86538,2021-02-20,1806,44.635597933,-91.27680777,Other Non Domesticated,,Eau Claire,2021,County HighwayK
86612,2021-06-28,1815,43.942496303,-90.73020208,Other Non Domesticated,,Monroe,2021,State Highway016
86872,2021-12-02,826,43.164746037,-88.18336505,Other Non Domesticated,,Waukesha,2021,County HighwayV
87235,2021-09-27,2208,42.946742826,-90.64482921,Other Non Domesticated,,Grant,2021,US Highway061
87319,2021-05-01,210,42.656415777,-88.54025308,Other Non Domesticated,,Walworth,2021,Interstate043
87541,2021-09-26,9999,43.852657313,-87.77097806,Other Non Domesticated,,Sheboygan,2021,Interstate043
87614,2021-04-13,2233,43.494562367,-89.26278771,Other Non Domesticated,,Columbia,2021,County HighwayG
87705,2021-06-15,2337,43.413015863,-88.54204053,Other Non Domesticated,,Dodge,2021,State Highway067
87751,2021-08-08,2355,43.161259933,-88.75876413,Other Non Domesticated,,Jefferson,2021,State Highway026
87846,2021-10-30,400,43.117693962,-90.21140241,Other Non Domesticated,,Iowa,2021,County HighwayI
87924,2021-11-10,1747,46.152527939,-90.86690331,Other Non Domesticated,,Ashland,2021,State Highway077
88160,2021-05-25,1835,43.060381276,-89.6156023,Other Non Domesticated,,Dane,2021,County HighwayS
88409,2021-10-09,2257,43.387213655,-89.32783847,Other Non Domesticated,,Columbia,2021,State Highway022
88948,2021-10-02,2131,42.694695311,-90.66777285,Other Non Domesticated,,Grant,2021,County HighwayO
88975,2021-11-09,1657,43.689343459,-88.38620449,Other Non Domesticated,,Fond du Lac,2021,County HighwayB
89091,2021-08-11,1830,44.941886475,-92.50512099,Other Non Domesticated,,St. Croix,2021,Interstate094
89574,2021-07-15,1655,44.348560507,-90.93306588,Other Non Domesticated,,Jackson,2021,Interstate094
89800,2021-06-05,1633,44.706517675,-89.92618231,Other Non Domesticated,,Marathon,2021,SMOKEY HILL RD - Marathon
89866,2021-07-01,50,43.733225099,-90.71180768,Other Non Domesticated,,Monroe,2021,State Highway033
89909,2021-07-14,1500,43.135026367,-87.99682067,Other Non Domesticated,,Milwaukee,2021,W BRENTWOOD AVE - Milwaukee
90056,2021-11-18,1825,44.685077449,-91.81284131,Other Non Domesticated,,Dunn,2021,State Highway085
90302,2021-03-19,1909,44.286329921,-88.42603818,Other Non Domesticated,,Outagamie,2021,W WEILAND LN - Outagamie
90353,2021-05-13,2129,44.262213705,-88.49605322,Other Non Domesticated,,Outagamie,2021,County HighwayCA
90730,2021-12-30,1735,42.588494607,-89.47270584,Other Non Domesticated,,Green,2021,State Highway011
90838,2021-01-22,838,43.041096704,-88.30371587,Other Non Domesticated,,Waukesha,2021,NORTHVIEW RD - Waukesha
90953,2021-06-14,115,44.600212734,-88.24419267,Other Non Domesticated,,Brown,2021,State Highway029
91011,2021-02-18,2005,46.543830288,-90.85426234,Other Non Domesticated,,Ashland,2021,State Highway013
91372,2021-05-17,53,42.530256284,-88.32475785,Other Non Domesticated,,Walworth,2021,County HighwayU
91424,2021-06-06,2200,43.008006384,-89.30531325,Other Non Domesticated,,Dane,2021,US Highway051
91766,2021-11-13,6,44.870525791,-89.29414644,Other Non Domesticated,,Marathon,2021,State Highway029
92044,2021-09-18,100,42.636874609,-90.51480281,Other Non Domesticated,,Grant,2021,CLAY HOLLOW RD - Grant
92077,2021-09-22,615,43.368039181,-87.90116409,Other Non Domesticated,,Ozaukee,2021,State Highway032
92337,2021-10-02,2055,42.691412399,-88.44298807,Other Non Domesticated,,Walworth,2021,State Highway011
92460,2021-05-07,34,44.773558619,-91.32561864,Other Non Domesticated,,Eau Claire,2021,US Highway012
92612,2021-09-25,1435,46.217331461,-91.79855543,Other Non Domesticated,,Douglas,2021,US Highway053
92691,2021-10-09,1525,45.21096007,-89.62225812,Other Non Domesticated,,Lincoln,2021,State Highway017
92909,2021-12-18,1826,44.565249697,-88.14246307,Other Non Domesticated,,Brown,2021,State Highway029
93053,2021-07-03,1648,44.961444275,-87.86189441,Other Non Domesticated,,Oconto,2021,WOODVIEW RD - Oconto
93130,2021-09-10,2047,45.146759944,-91.04946903,Other Non Domesticated,,Chippewa,2021,County HighwayD
93344,2021-10-22,1930,43.224061988,-89.25027467,Other Non Domesticated,,Dane,2021,HAPPY VALLEY RD - Dane
93461,2021-10-01,2215,42.506956981,-88.7481179,Other Non Domesticated,,Walworth,2021,State Highway067
93576,2021-03-30,2315,46.431812025,-90.81998484,Other Non Domesticated,,Ashland,2021,State Highway013
93584,2021-02-25,1914,43.648823695,-89.60385604,Other Non Domesticated,,Adams,2021,State Highway023
93689,2021-03-28,235,43.095883393,-89.54845662,Other Non Domesticated,,Dane,2021,US Highway014
93790,2021-10-11,2230,44.48034402,-90.27980432,Other Non Domesticated,,Wood,2021,County HighwayV
93796,2021-12-05,1854,44.796651327,-88.4892415,Other Non Domesticated,,Shawano,2021,State Highway022
93963,2021-12-16,342,43.581619648,-88.75372738,Other Non Domesticated,,Dodge,2021,County HighwayM
94250,2021-10-08,1258,44.787112283,-89.49188144,Other Non Domesticated,,Marathon,2021,State Highway153
94570,2022-03-19,1429,43.034312494,-88.17022889,Other Non Domesticated,,Waukesha,2022,State Highway164
94647,2022-06-26,1214,43.114891721,-88.33482976,Other Non Domesticated,,Waukesha,2022,GREENWAY TER - Waukesha
94797,2022-10-19,2159,43.394205189,-90.62684525,Other Non Domesticated,,Richland,2022,US Highway014
94810,2022-10-04,2350,45.713595167,-91.72409049,Other Non Domesticated,,Washburn,2022,County HighwayM
94932,2022-10-15,2155,43.103865825,-88.9389128,Other Non Domesticated,,Jefferson,2022,Interstate094
94956,2022-12-10,2053,45.09493601,-89.18437728,Other Non Domesticated,,Langlade,2022,STUB RD - Langlade
95276,2022-08-05,2057,45.800740116,-88.39720843,Other Non Domesticated,,Florence,2022,State Highway101
95298,2022-08-27,220,43.165101956,-89.30476396,Other Non Domesticated,,Dane,2022,PORTAGE RD - Dane
95551,2022-11-15,1726,44.305134081,-90.8119534,Other Non Domesticated,,Jackson,2022,State Highway054
95867,2022-10-04,321,44.803867228,-89.01905448,Other Non Domesticated,,Shawano,2022,State Highway029
96070,2022-04-02,1923,44.438891064,-87.92940035,Other Non Domesticated,,Brown,2022,Interstate043
96241,2022-07-22,2146,45.232742234,-89.27859706,Other Non Domesticated,,Langlade,2022,County HighwayC
96494,2022-11-17,1329,43.628913987,-89.47187197,Other Non Domesticated,,Columbia,2022,Interstate039
96543,2022-12-04,1808,43.715799564,-90.09206546,Other Non Domesticated,,Juneau,2022,State Highway058
96633,2022-03-05,55,42.997617673,-89.15872469,Other Non Domesticated,,Dane,2022,Interstate039
96730,2022-05-11,1436,43.756915268,-88.39471895,Other Non Domesticated,,Fond du Lac,2022,US Highway151
96751,2022-05-30,1448,44.615076219,-88.05021358,Other Non Domesticated,,Brown,2022,US Highway041
96783,2022-07-12,8,46.700010957,-91.57318718,Other Non Domesticated,,Douglas,2022,State Highway013
96833,2022-09-03,2322,43.984772479,-90.44630199,Other Non Domesticated,,Monroe,2022,Interstate094
96834,2022-08-24,2200,44.535317476,-89.84443566,Other Non Domesticated,,Wood,2022,County HighwayS
97232,2022-03-10,1355,43.464467643,-87.9804159,Other Non Domesticated,,Ozaukee,2022,County HighwayI
97268,2022-04-24,2204,43.304475395,-88.24277448,Other Non Domesticated,,Washington,2022,State Highway175
97292,2022-05-25,2240,44.218275824,-88.47792522,Other Non Domesticated,,Winnebago,2022,US Highway010
97318,2022-07-14,2003,43.072578346,-89.28001,Other Non Domesticated,,Dane,2022,Interstate039
97349,2022-06-25,825,43.09622224,-88.43174434,Other Non Domesticated,,Waukesha,2022,County HighwayP
97360,2022-08-30,1353,42.639008084,-88.60685059,Other Non Domesticated,,Walworth,2022,Interstate043
97803,2022-04-09,1848,42.988344921,-89.60878702,Other Non Domesticated,,Dane,2022,US Highway018
97907,2022-09-02,1545,43.780569593,-88.07242509,Other Non Domesticated,,Sheboygan,2022,County HighwayA
97918,2022-07-29,721,42.582546552,-88.17110406,Other Non Domesticated,,Kenosha,2022,County HighwayK
98210,2022-01-28,1555,44.169679765,-88.74989824,Other Non Domesticated,,Winnebago,2022,County HighwayMM
98702,2022-05-04,654,44.945751654,-90.23154648,Other Non Domesticated,,Marathon,2022,State Highway029
98956,2022-08-04,153,44.52943376,-89.80771239,Other Non Domesticated,,Portage,2022,State Highway013
99397,2022-04-21,742,44.886319868,-91.3686468,Other Non Domesticated,,Chippewa,2022,County HighwayOO
99463,2022-06-22,519,43.300538999,-88.04154299,Other Non Domesticated,,Ozaukee,2022,BRIDGE ST - Ozaukee
100015,2022-08-04,2220,44.280359399,-90.80718461,Other Non Domesticated,,Jackson,2022,Interstate094
100767,2022-12-10,1948,42.671043645,-89.0265358,Other Non Domesticated,,Rock,2022,RIVERSIDE ST - Rock
100811,2022-10-21,2250,44.303379436,-90.81387861,Other Non Domesticated,,Jackson,2022,State Highway054
100817,2022-09-13,1555,44.352483045,-87.84814423,Other Non Domesticated,,Brown,2022,Interstate043
100904,2022-04-17,1747,42.582556357,-88.15557108,Other Non Domesticated,,Kenosha,2022,County HighwayK
100935,2022-05-12,1537,44.44282355,-91.77546343,Other Non Domesticated,,Buffalo,2022,State Highway037
100954,2022-05-20,730,43.356276791,-88.78669601,Other Non Domesticated,,Dodge,2022,County HighwayKW
101108,2022-09-23,645,42.999037036,-89.38515672,Other Non Domesticated,,Dane,2022,US Highway014
101112,2022-10-09,808,45.813251221,-91.67256272,Other Non Domesticated,,Washburn,2022,State Highway070
101410,2022-03-21,1135,42.859785393,-88.36533864,Other Non Domesticated,,Waukesha,2022,County HighwayI
101428,2022-03-28,2119,44.680664355,-91.12796229,Other Non Domesticated,,Eau Claire,2022,US Highway012
101557,2022-08-27,2332,45.120242231,-91.37190013,Other Non Domesticated,,Chippewa,2022,State Highway064
101563,2022-09-06,2120,45.016621309,-91.45760833,Other Non Domesticated,,Chippewa,2022,County HighwayC
101878,2022-01-16,1240,43.891469923,-87.77146596,Other Non Domesticated,,Sheboygan,2022,Interstate043
102095,2022-07-19,2125,42.532139863,-89.05632277,Other Non Domesticated,,Rock,2022,MCKINLEY AVE - Rock
102288,2022-10-17,2015,43.365209732,-90.5060177,Other Non Domesticated,,Richland,2022,County HighwayZ
102347,2022-12-21,1035,43.943329184,-90.72535661,Other Non Domesticated,,Monroe,2022,Interstate090
102460,2022-02-27,1859,43.293404458,-90.04421604,Other Non Domesticated,,Sauk,2022,State Highway023
102623,2022-07-22,2055,43.221918754,-89.36367989,Other Non Domesticated,,Dane,2022,Interstate039
102693,2022-10-17,1930,44.503981701,-89.27161063,Other Non Domesticated,,Portage,2022,State Highway161
102773,2022-10-19,1845,42.706153779,-88.49502785,Other Non Domesticated,,Walworth,2022,POTTERS RD - Walworth
102882,2022-12-30,1916,44.9062206,-91.93461413,Other Non Domesticated,,Dunn,2022,Interstate094
102903,2022-10-25,2155,44.047386898,-89.13657061,Other Non Domesticated,,Waushara,2022,State Highway021
102950,2022-02-11,650,45.159422848,-92.69221361,Other Non Domesticated,,St. Croix,2022,205TH AVE - St. Croix
103045,2022-04-23,100,44.89323187,-91.41596616,Other Non Domesticated,,Chippewa,2022,US Highway053
103165,2022-09-09,1630,45.108905229,-92.68674991,Other Non Domesticated,,St. Croix,2022,State Highway035
103670,2022-03-13,2000,45.161240885,-87.13238974,Other Non Domesticated,,Door,2022,State Highway057
103672,2022-09-01,2215,44.836708486,-91.39087213,Other Non Domesticated,,Eau Claire,2022,County HighwayQ
103752,2022-10-15,137,43.863498627,-90.82470901,Other Non Domesticated,,Monroe,2022,State Highway027
104572,2022-04-01,1710,42.509159767,-88.86487217,Other Non Domesticated,,Rock,2022,State Highway140
104596,2022-04-11,1040,43.568644492,-89.83381418,Other Non Domesticated,,Sauk,2022,State Highway023
104612,2022-06-01,818,43.009573921,-88.95428969,Other Non Domesticated,,Jefferson,2022,US Highway018
104632,2022-05-09,740,42.951029136,-88.108775,Other Non Domesticated,,Waukesha,2022,Interstate043
104715,2022-07-12,148,43.003127467,-87.9161054,Other Non Domesticated,,Milwaukee,2022,Interstate043
104744,2022-08-12,950,43.546070074,-89.63187406,Other Non Domesticated,,Sauk,2022,Interstate090
105141,2022-06-02,805,43.838831423,-88.5642828,Other Non Domesticated,,Fond du Lac,2022,County HighwayI
105221,2022-06-29,2255,42.671844943,-89.11460367,Other Non Domesticated,,Rock,2022,ROCKPORT RD - Rock
105617,2022-03-07,1120,42.769909108,-88.9547705,Other Non Domesticated,,Rock,2022,RAINBOW DR - Rock
105649,2022-03-22,1505,44.666448312,-90.96244222,Other Non Domesticated,,Eau Claire,2022,County HighwayH
105830,2022-07-29,1615,44.918672688,-92.09950057,Other Non Domesticated,,Dunn,2022,Interstate094
105848,2022-10-21,1635,44.250962697,-88.34714402,Other Non Domesticated,,Outagamie,2022,EISENHOWER DR - Outagamie
106174,2022-03-02,1601,42.980895767,-88.79775475,Other Non Domesticated,,Jefferson,2022,County HighwayN
106963,2022-10-05,1941,42.903504532,-89.78476277,Other Non Domesticated,,Dane,2022,County HighwayA
107332,2022-05-12,756,44.8458588,-92.6089017,Other Non Domesticated,,Pierce,2022,S WASSON LN - Pierce
107352,2022-04-16,2209,42.669744996,-88.05388577,Other Non Domesticated,,Racine,2022,1ST ST - Racine
107372,2022-07-12,454,44.720390105,-92.48687214,Other Non Domesticated,,Pierce,2022,MAPLE ST - Pierce
107516,2022-10-25,700,42.679102613,-89.49632157,Other Non Domesticated,,Green,2022,State Highway059
107607,2022-11-05,909,43.617709495,-88.43790239,Other Non Domesticated,,Dodge,2022,Interstate041
107910,2022-07-20,925,43.179381587,-88.4968508,Other Non Domesticated,,Waukesha,2022,County HighwayCW
107918,2022-07-06,2005,44.917646873,-92.67019101,Other Non Domesticated,,St. Croix,2022,State Highway035
108603,2022-11-14,2030,43.960463591,-88.11161031,Other Non Domesticated,,Calumet,2022,State Highway032
108826,2022-03-03,1650,42.864915531,-89.9837417,Other Non Domesticated,,Iowa,2022,State Highway039
108980,2022-06-19,2054,43.178931486,-90.94711878,Other Non Domesticated,,Crawford,2022,State Highway179
109010,2022-08-04,848,44.907445084,-91.91455863,Other Non Domesticated,,Dunn,2022,Interstate094
109075,2022-09-29,500,43.756443611,-87.72490451,Other Non Domesticated,,Sheboygan,2022,State Highway023
109277,2022-09-18,1908,43.360136054,-88.19152651,Other Non Domesticated,,Washington,2022,US Highway045
109398,2022-05-26,539,43.858092415,-87.77072496,Other Non Domesticated,,Sheboygan,2022,Interstate043
109407,2022-04-28,711,43.65358944,-88.09536732,Other Non Domesticated,,Sheboygan,2022,County HighwayF
109447,2022-06-23,2240,44.191661334,-90.63629158,Other Non Domesticated,,Jackson,2022,Interstate094
109492,2022-07-29,2217,43.647285146,-87.81965155,Other Non Domesticated,,Sheboygan,2022,CENTURY LANE RD - Sheboygan
109769,2022-12-18,1640,44.48908981,-88.05001995,Other Non Domesticated,,Brown,2022,State Highway032
109957,2022-05-14,2230,45.685090155,-91.80001718,Other Non Domesticated,,Washburn,2022,US Highway053
109973,2022-04-30,720,43.821878196,-89.25098609,Other Non Domesticated,,Marquette,2022,State Highway023
110128,2022-10-06,1914,44.45335268,-90.30948406,Other Non Domesticated,,Wood,2022,State Highway073
110156,2022-10-23,2026,43.922698074,-90.80821664,Other Non Domesticated,,Monroe,2022,Interstate090
110318,2022-02-14,503,44.307087503,-90.80977006,Other Non Domesticated,,Jackson,2022,State Highway054
110388,2022-01-14,2153,42.621046764,-87.97254354,Other Non Domesticated,,Kenosha,2022,State Highway142
110441,2022-05-28,250,44.297573855,-88.29342148,Other Non Domesticated,,Outagamie,2022,Interstate041
110549,2022-08-02,507,42.612609041,-88.42484857,Other Non Domesticated,,Walworth,2022,US Highway012
110582,2022-10-07,526,45.181887315,-90.90512665,Other Non Domesticated,,Taylor,2022,County HighwayH
110860,2022-02-06,846,44.424111762,-88.65605878,Other Non Domesticated,,Outagamie,2022,State Highway054
110951,2022-05-29,2205,43.607314288,-90.12346178,Other Non Domesticated,,Sauk,2022,State Highway058
111063,2022-06-15,620,43.096378044,-89.53503693,Other Non Domesticated,,Dane,2022,US Highway014
